1784058284	visible
1784058289	visible
1784058294	visible
1784058299	visible
1784058304	visible
1784058309	visible
1784058314	visible
1784058319	visible
1784058324	visible
1784058329	visible
1784058334	visible
1784058339	visible
1784058344	visible
1784058349	visible
1784058354	visible
1784058359	visible
1784058364	visible
1784058369	visible
1784058374	visible
1784058379	visible
1784058384	visible
1784058389	visible
1784058394	visible
1784058399	visible
1784058404	visible
1784058409	visible
1784058414	visible
1784058419	visible
1784058424	visible
1784058429	visible
1784058434	visible
1784058439	visible
1784058444	visible
1784058450	visible
1784058455	visible
1784058460	visible
1784058465	visible
1784058470	visible
1784058475	visible
1784058480	visible
1784058485	visible
1784058490	visible
1784058495	visible
1784058500	visible
1784058505	visible
1784058510	visible
1784058515	visible
1784058520	visible
1784058525	visible
1784058530	visible
1784058535	visible
1784058540	visible
1784058545	visible
1784058550	visible
1784058555	visible
1784058560	visible
1784058565	visible
1784058570	visible
1784058575	visible
1784058580	visible
1784058585	visible
1784058590	visible
1784058595	visible
1784058600	visible
1784058605	visible
1784058610	visible
1784058615	visible
1784058620	visible
1784058625	visible
1784058630	visible
1784058635	visible
1784058640	visible
1784058645	visible
1784058650	visible
1784058655	visible
1784058660	visible
1784058665	visible
1784058670	visible
1784058675	visible
1784058680	visible
1784058685	visible
1784058690	visible
1784058695	visible
1784058700	visible
1784058705	visible
1784058710	visible
1784058715	visible
1784058720	visible
1784058725	visible
1784058730	visible
1784058735	visible
1784058740	visible
1784058745	visible
1784058750	visible
1784058755	visible
1784058760	visible
1784058765	visible
1784058770	visible
1784058775	visible
1784058780	visible
1784058785	visible
1784058790	visible
1784058795	visible
1784058800	visible
1784058805	visible
1784058810	visible
1784058815	visible
1784058820	visible
1784058825	visible
1784058830	visible
1784058835	visible
1784058840	visible
1784058845	visible
1784058850	visible
1784058855	visible
1784058860	visible
1784058865	visible
1784058870	visible
1784058875	visible
1784058880	visible
1784058885	visible
1784058890	visible
1784058895	visible
1784058900	visible
1784058905	visible
1784058911	visible
1784058916	visible
1784058921	visible
1784058926	visible
1784058931	visible
1784058936	visible
1784058941	visible
1784058946	visible
1784058951	visible
1784058956	visible
1784058961	visible
1784058966	visible
1784058971	visible
1784058976	visible
1784058981	visible
1784058986	visible
1784058991	visible
1784058996	visible
1784059001	visible
1784059006	visible
1784059011	visible
1784059016	visible
1784059021	visible
1784059026	visible
1784059031	visible
1784059036	visible
1784059041	visible
1784059046	visible
1784059051	visible
1784059056	visible
1784059061	visible
1784059066	visible
1784059071	visible
1784059076	visible
1784059081	visible
1784059086	visible
1784059091	visible
1784059096	visible
1784059101	visible
1784059106	visible
1784059111	visible
1784059116	visible
1784059121	visible
1784059126	visible
1784059131	visible
1784059136	visible
1784059141	visible
1784059146	visible
1784059151	visible
1784059156	visible
1784059161	visible
1784059166	visible
1784059171	visible
1784059176	visible
1784059181	visible
1784059186	visible
1784059191	visible
1784059196	visible
1784059201	visible
1784059206	visible
1784059211	visible
1784059216	visible
